{
  "project_info": {
    "project_number": "70706874398",
    "firebase_url": "https://ul-timetable-fb34b.firebaseio.com",
    "project_id": "ul-timetable-fb34b",
    "storage_bucket": "ul-timetable-fb34b.appspot.com"
  },
  "client": [
    {
      "client_info": {
        "mobilesdk_app_id": "1:70706874398:android:4137c60192a0b34ed5860f",
        "android_client_info": {
          "package_name": "com.example.ultimetable"
        }
      },
      "oauth_client": [
        {
          "client_id": "70706874398-5ti5928idl77ctfrfp26s9mm55adt7sn.apps.googleusercontent.com",
          "client_type": 1,
          "android_info": {
            "package_name": "com.example.ultimetable",
            "certificate_hash": "569863ef5a73bcf4ddd5f36a8a6fcfc9289b6437"
          }
        },
        {
          "client_id": "70706874398-f3rhaiucu9n24pn7q6qp96l5n8if7fdq.apps.googleusercontent.com",
          "client_type": 3
        }
      ],
      "api_key": [
        {
          "current_key": "AIzaSyBGDSlL9pa04Adm86HnfulfXSrfhEXY84U"
        }
      ],
      "services": {
        "appinvite_service": {
          "other_platform_oauth_client": [
            {
              "client_id": "70706874398-f3rhaiucu9n24pn7q6qp96l5n8if7fdq.apps.googleusercontent.com",
              "client_type": 3
            }
          ]
        }
      }
    }
  ],
  "configuration_version": "1"
}